Changes made at Sat Aug  9 05:58:18 UTC 2025
Changes made at Thu Nov 20 13:42:43 UTC 2025
Changes made at Thu Nov 20 14:24:25 UTC 2025
Changes made at Thu Nov 20 16:31:16 UTC 2025
Changes made at Fri Nov 21 08:33:12 UTC 2025
Changes made at Fri Nov 21 10:24:59 UTC 2025
Changes made at Fri Nov 21 14:22:44 UTC 2025
Changes made at Fri Nov 21 16:28:54 UTC 2025
Changes made at Sat Nov 22 08:28:34 UTC 2025
Changes made at Sat Nov 22 10:22:23 UTC 2025
Changes made at Sat Nov 22 14:19:15 UTC 2025
Changes made at Sat Nov 22 16:26:53 UTC 2025
Changes made at Sun Nov 23 08:29:01 UTC 2025
Changes made at Sun Nov 23 10:22:28 UTC 2025
